sources,destinations,num_runs,avg_eval_time,avg_snap_time,avg_total_time
2,2,100,0.517841727733612,0.4231448173522949,0.940986545085907
4,4,100,0.9597976636886597,0.4456892800331116,1.4054869437217712
8,8,100,1.9283438730239868,0.4642030596733093,2.392546932697296
16,16,100,4.261028819084167,0.6272577810287475,4.888286600112915
32,32,100,11.022314863204956,0.7615257358551025,11.783840599060058
64,64,100,25.844110507965087,1.1119074821472168,26.956017990112304
128,128,100,86.8780885887146,2.213068037033081,89.09115662574769
